Fig1I,Affinity matrix (2018-11-15-Session1_AllData)
,TrialSet_1,TrialSet_2,TrialSet_3,TrialSet_4,TrialSet_5,TrialSet_6,TrialSet_7,TrialSet_8,TrialSet_9,TrialSet_10,TrialSet_11,TrialSet_12,TrialSet_13,TrialSet_14,TrialSet_15,TrialSet_16,TrialSet_17,TrialSet_18,TrialSet_19,TrialSet_20
TrialSet_1,1,0.9848885806,0.9859452532,0.9989230761,0.948420241,0.9445098133,0.9031907891,0.5690765559,0.473595507,0.3334891046,0.1475001853,0.08698058814,0.1049895256,0.1006895104,0.09454811566,0.09691167288,0.1114023292,0.5145942513,0.2277606148,0.223603996
TrialSet_2,0.9848885806,1,0.9994556601,0.9866367084,0.907313549,0.9205341693,0.8754111961,0.4738252687,0.5149913492,0.2634399526,0.1145646194,0.07001562345,0.08303758214,0.07959774841,0.07444884513,0.07625337131,0.08158428139,0.5494071194,0.178751634,0.1764143483
TrialSet_3,0.9859452532,0.9994556601,1,0.9863447899,0.903642685,0.9232716338,0.8715751746,0.4843013448,0.5214604046,0.2770041395,0.1132926401,0.06865298122,0.08346657188,0.08011563586,0.07538874755,0.07718418858,0.08220949806,0.559909757,0.1865826695,0.184261743
TrialSet_4,0.9989230761,0.9866367084,0.9863447899,1,0.9395046602,0.9400348907,0.8925244568,0.4788142506,0.4698279636,0.3366883731,0.1449478665,0.08827726227,0.1050964674,0.1007705919,0.09434670262,0.09661246198,0.102959199,0.496774385,0.2245352351,0.221465779
TrialSet_5,0.948420241,0.907313549,0.903642685,0.9395046602,1,0.930194152,0.929008245,0.648712384,0.5715024955,0.3557599675,0.2279454326,0.1435102603,0.1720511107,0.1647680847,0.1543252135,0.1585833337,0.1851379656,0.6442049396,0.2590741622,0.240146868
TrialSet_6,0.9445098133,0.9205341693,0.9232716338,0.9400348907,0.930194152,1,0.9828441037,0.5832043984,0.669401473,0.3503814769,0.1829885067,0.1279911104,0.1052113115,0.100033004,0.089377521,0.09142346474,0.1016956185,0.6706901818,0.2279088089,0.1953667065
TrialSet_7,0.9031907891,0.8754111961,0.8715751746,0.8925244568,0.929008245,0.9828441037,1,0.6147617473,0.7270921927,0.2400357811,0.1627935706,0.1196715091,0.09015265269,0.08493170406,0.07480717998,0.07787764731,0.1437138592,0.6486417651,0.3089997497,0.2659284262
TrialSet_8,0.5690765559,0.4738252687,0.4843013448,0.4788142506,0.648712384,0.5832043984,0.6147617473,1,0.9073736158,0.6703246142,0.3785844406,0.2903975556,0.3071606076,0.3043291382,0.2923156625,0.2960868008,0.3566483641,0.7716636121,0.4142634006,0.4480630426
TrialSet_9,0.473595507,0.5149913492,0.5214604046,0.4698279636,0.5715024955,0.669401473,0.7270921927,0.9073736158,1,0.3980343582,0.2465238709,0.354355398,0.2741908753,0.2714193718,0.2565000589,0.2592369338,0.1939680006,0.6759864243,0.4281941404,0.3572388373
TrialSet_10,0.3334891046,0.2634399526,0.2770041395,0.3366883731,0.3557599675,0.3503814769,0.2400357811,0.6703246142,0.3980343582,1,0.7252799226,0.632525359,0.6777399247,0.6863048135,0.751380118,0.75661464,0.6890888379,0.6578641057,0.4841924779,0.653033305
TrialSet_11,0.1475001853,0.1145646194,0.1132926401,0.1449478665,0.2279454326,0.1829885067,0.1627935706,0.3785844406,0.2465238709,0.7252799226,1,0.9617409092,0.9632199284,0.9630850101,0.9589215892,0.9581874788,0.9478960757,0.4051941313,0.3424610768,0.510591952
TrialSet_12,0.08698058814,0.07001562345,0.06865298122,0.08827726227,0.1435102603,0.1279911104,0.1196715091,0.2903975556,0.354355398,0.632525359,0.9617409092,1,0.9815381767,0.9815403066,0.9730753769,0.9745375682,0.9349072999,0.380838152,0.3247618034,0.506747876
TrialSet_13,0.1049895256,0.08303758214,0.08346657188,0.1050964674,0.1720511107,0.1052113115,0.09015265269,0.3071606076,0.2741908753,0.6777399247,0.9632199284,0.9815381767,1,0.999246122,0.9930979546,0.994531826,0.9603543793,0.3793640346,0.4275604797,0.5465680684
TrialSet_14,0.1006895104,0.07959774841,0.08011563586,0.1007705919,0.1647680847,0.100033004,0.08493170406,0.3043291382,0.2714193718,0.6863048135,0.9630850101,0.9815403066,0.999246122,1,0.994949122,0.9971767887,0.9589650303,0.3777450252,0.4221173066,0.6320932474
TrialSet_15,0.09454811566,0.07444884513,0.07538874755,0.09434670262,0.1543252135,0.089377521,0.07480717998,0.2923156625,0.2565000589,0.751380118,0.9589215892,0.9730753769,0.9930979546,0.994949122,1,0.99950923,0.96371631,0.3636297705,0.42405378,0.6226720287
TrialSet_16,0.09691167288,0.07625337131,0.07718418858,0.09661246198,0.1585833337,0.09142346474,0.07787764731,0.2960868008,0.2592369338,0.75661464,0.9581874788,0.9745375682,0.994531826,0.9971767887,0.99950923,1,0.9656327132,0.3655131985,0.3724134781,0.557190444
TrialSet_17,0.1114023292,0.08158428139,0.08220949806,0.102959199,0.1851379656,0.1016956185,0.1437138592,0.3566483641,0.1939680006,0.6890888379,0.9478960757,0.9349072999,0.9603543793,0.9589650303,0.96371631,0.9656327132,1,0.3150130441,0.4144322224,0.588436121
TrialSet_18,0.5145942513,0.5494071194,0.559909757,0.496774385,0.6442049396,0.6706901818,0.6486417651,0.7716636121,0.6759864243,0.6578641057,0.4051941313,0.380838152,0.3793640346,0.3777450252,0.3636297705,0.3655131985,0.3150130441,1,0.6882268262,0.5920202645
TrialSet_19,0.2277606148,0.178751634,0.1865826695,0.2245352351,0.2590741622,0.2279088089,0.3089997497,0.4142634006,0.4281941404,0.4841924779,0.3424610768,0.3247618034,0.4275604797,0.4221173066,0.42405378,0.3724134781,0.4144322224,0.6882268262,1,0.9193427463
TrialSet_20,0.223603996,0.1764143483,0.184261743,0.221465779,0.240146868,0.1953667065,0.2659284262,0.4480630426,0.3572388373,0.653033305,0.510591952,0.506747876,0.5465680684,0.6320932474,0.6226720287,0.557190444,0.588436121,0.5920202645,0.9193427463,1

Fig1J,Module affinity means (2018-11-15-Session1_AllData)
Within Module 1,0.7554219381
Between Modules,0.1594724101
Within Module 2,0.757631805
