Session,Null,Original Label,Seeking Intensity
2018-09-18-Session2_AllData,0.0386386804829967,0.100733225886517,0.235953783431084
2018-09-18-Session4_AllData,0.03309058873957,0.0346163063177008,0.00669297717755557
2018-09-19-Session2_AllData,0.0324211974467165,0.0092905331488034,0.0602403538274826
2018-09-19-Session4_AllData,0.0391982316299216,0.0333301022926749,0.0212627802808619
2018-09-20-Session3_AllData,0.0228843603724895,0.00729219331190915,0.0364250500349802
2018-09-21-Session3_AllData,0.0435832767399041,0.0049434053028987,0.264381457724494
2018-10-02-Session2_AllData,0.0390692653916765,0.183027437718436,0.141595538147679
2018-10-02-Session3_AllData,0.0221818220304286,0.00370245154183635,0.598480942344593
2018-10-03-Session2_AllData,0.0306675865350939,0.0424572953963386,0.422949960216059
2018-10-03-Session3_AllData,0.0358574010939726,0.00596978852304346,0.0633589592369796
2018-11-15-Session1_AllData,0.0419179509345414,0.146793102436052,0.531004406410719
2018-11-15-Session2_AllData,0.0329622636072446,0.101564016711069,0.0487949406953985
2018-11-15-Session3_AllData,0.0371590823848457,0.0279137620233989,0.330495251197631
2018-11-16-Session1_AllData,0.0253209982413284,0.117563681267685,0.263934804388386
2018-11-16-Session2_AllData,0.0446892893601699,0.15597613242359,0.558152969452312
2018-11-16-Session3_AllData,0.0260789090260476,0.0454144824074377,0.14680321395567
2018-11-20-Session4_AllData,0.0318631969832257,0.347589881390797,0.410869559725369
2018-11-21-Session4_AllData,0.0637191730084924,0.386721112824265,0.236985670285568
2018-12-04-Session1_AllData,0.038653063465607,0.218818175307585,0.704733485267853
2018-12-04-Session2_AllData,0.0298760599691632,0.00915955520027684,0.36778646799018
2018-12-05-Session1_AllData,0.0329418895227669,0.212139960488129,0.47267426651266
2018-12-05-Session2_AllData,0.0525295682056362,0.139835523706203,0.0894385085338367
2018-12-11-Session1_AllData,0.0421638792963482,0.0796951944487717,0.0750071284329056
2018-12-11-Session2_AllData,0.0242903263318014,0.0559188800856111,0.195709628799731
2018-12-11-Session3_AllData,0.0337632878705823,0.493422605760145,0.191164956928781
2018-12-11-Session4_AllData,0.0351196780112704,0.0494775868711049,0.17213536429659
2018-12-12-Session1_AllData,0.0609659829449133,0.22478750958936,0.102187170949333
2018-12-12-Session2_AllData,0.0244312977902312,7.32951074157366e-05,0.210841399475291
2018-12-12-Session3_AllData,0.0401394225924672,0.00528019772365394,0.00328762724906264
2018-12-12-Session4_AllData,0.028149609370404,0.00180570578124499,0.140386164443883
2019-03-12-Session1_AllData,0.0318137328340002,0.0118677186209543,0.287531135902031
2019-03-12-Session2_AllData,0.0550913790112929,0.181496329528675,0.091864383535196
2019-03-12-Session3_AllData,0.0371531921281401,0.195000024773332,0.601978631660223
2019-03-12-Session4_AllData,0.0350163808834719,0.0678921352868535,0.0689527753779993
2019-03-13-Session1_AllData,0.0433983900988956,0.000533805992060078,0.0606655462587962
2019-03-13-Session2_AllData,0.0490429193348703,0.401964470619157,0.401964470619157
2019-03-13-Session3_AllData,0.0523326116605053,0.0287115940078674,0.0715681011451262
2019-03-13-Session4_AllData,0.0372710914930911,0.165603563184138,0.170950594454668
2019-03-26-Session1_AllData,0.0270847399304048,0.000330488642760946,0.00123862606416569
2019-03-26-Session2_AllData,0.0331555775769968,0.208721351816785,0.218387577327913
2019-03-26-Session3_AllData,0.0370622819168086,0.00701716454925434,0.0544650396078034
2019-03-26-Session4_AllData,0.0425518368644631,0.428212288460605,0.635731038100027
2019-03-27-Session1_AllData,0.0319775429678367,0.0349810183822271,0.0141862694320872
2019-03-27-Session2_AllData,0.053933938823859,0.0104186416208337,0.265010457104412
2019-03-27-Session3_AllData,0.0489434611471741,0.0438821117168041,0.297759808234808
2019-03-27-Session4_AllData,0.030918903127584,0.146106978916125,0.521640636343318
2019-04-02-Session1_AllData,0.0337363182171474,0.232328056361047,0.466917186688699
2019-04-02-Session2_AllData,0.0258389349426501,0.00123673110503954,0.144086656333782
2019-04-02-Session3_AllData,0.0378408267973593,0.00523152172454903,0.0332508414163177
2019-04-02-Session4_AllData,0.0439175057845268,0.0976972540903162,0.000284795300439742
2019-04-03-Session1_AllData,0.0324073414638341,0.183104735701196,0.985228136034251
2019-04-03-Session2_AllData,0.0335312019100085,0.397312609749487,0.191164956928781
2019-04-03-Session3_AllData,0,0.0322683996633863,0
2019-04-03-Session4_AllData,0.0373153717162771,0.0817062775743138,0.112894151780121
2019-05-21-Session2_AllData,0.0303788573113884,0.0654883300408912,0.0344136749107805
2019-05-21-Session3_AllData,0.0449022953290584,0.234068055375491,0.934068055375491
2019-05-22-Session2_AllData,0.0274497084590725,0.0889518800672334,0.130503082362281
2019-05-22-Session3_AllData,0.0206527092586895,0.0401012446658469,0.306316594944721
2019-06-04-Session1_AllData,0.0338934143154789,0.334574282918367,0.506007579312329
2019-06-04-Session2_AllData,0.0439189331506646,0.100032779208074,0.0991813313040188
2019-06-04-Session3_AllData,0.0326995046322493,0.394728894299932,0.761896900991737
2019-06-05-Session1_AllData,0.0266530577264453,0.0967636327323371,0.00243710882209469
2019-06-05-Session2_AllData,0.0466675971297247,0.0837995106245154,0.240109125359596
2019-06-05-Session3_AllData,0.0414302913060175,0.151397491414965,0.401841809793462
2019-06-11-Session1_AllData,0.0327765163774595,0.00501088966723691,0.19800662206852
2019-06-11-Session2_AllData,0.0392755297269931,0.0237418479019267,0.232328056361047
2019-06-11-Session3_AllData,0.0361098873110814,0.379653201669434,0.108922549857557
2019-06-12-Session1_AllData,0.0292347347747608,0.002681662368927,0.0135817814494286
2019-06-12-Session2_AllData,0.0397351142231435,0.342438076840606,0.20712067745196
2019-06-12-Session3_AllData,0.0393389068713405,0.00701716454925434,0.00332545104093098
2019-06-18-Session1_AllData,0.0504705876158861,0.0642528171708795,0.0349810183822271
2019-06-18-Session2_AllData,0.0299440719830037,0.00689473784362716,0.0181824718609745
2019-06-19-Session1_AllData,0.0422830624448854,0.0263083331271979,0.00120128350100807
2019-06-19-Session2_AllData,0.0359314616003007,0.102353999468168,0.0015535511420515
