Session,Fig6C Null Model,Fig6C Reference Model,Fig6D Null Model,Fig6D PCA Model
2018-09-18-Session2_AllData,-0.147315898252464,0.669484871841966,-0.147315898252464,0.548944967178678
2018-09-18-Session4_AllData,-0.0420186038005586,0.201482768759957,-0.0420186038005586,0.224867019248892
2018-09-19-Session2_AllData,0.0957631472621886,0.562211578666489,0.0957631472621886,0.438430033715722
2018-09-19-Session4_AllData,-0.0529079585392921,0.342952980008223,-0.0529079585392921,0.113432736790364
2018-09-20-Session3_AllData,0.195777302482474,0.414578925211671,0.195777302482474,0.453753948470478
2018-09-21-Session3_AllData,0.334505009927749,0.261931436972793,0.334505009927749,0.594946979659147
2018-10-02-Session2_AllData,0.00527731455136082,0.686964359290827,0.00527731455136082,0.609434669794698
2018-10-02-Session3_AllData,-0.174041542613989,0.732244032171332,-0.174041542613989,0.75733230772033
2018-10-03-Session2_AllData,0.125448414827591,0.613507323161208,0.125448414827591,0.605693039171737
2018-10-03-Session3_AllData,0.289835799441728,-0.0152652703432362,0.289835799441728,0.168752905913477
2018-11-15-Session1_AllData,-0.100242943807364,0.936224605269867,-0.100242943807364,0.923867078673787
2018-11-15-Session2_AllData,-0.061535965347936,0.545058557798132,-0.061535965347936,0.0752328814392805
2018-11-15-Session3_AllData,0.297095450763087,0.697813310880796,0.297095450763087,0.680765398321544
2018-11-16-Session1_AllData,0.477139017620539,0.846515002021347,0.477139017620539,0.830881515413281
2018-11-16-Session2_AllData,0.110592348862641,0.695447538677558,0.110592348862641,0.693049246999722
2018-11-16-Session3_AllData,-0.0669142282396704,0.455326777473054,-0.0669142282396704,0.47987619330888
2018-11-20-Session4_AllData,-0.102931348539443,0.711203978701262,-0.102931348539443,0.73573387372087
2018-11-21-Session4_AllData,0.165628798251779,0.643891924381499,0.165628798251779,0.641456250666068
2018-12-04-Session1_AllData,-0.598798113641772,0.482844038276444,-0.598798113641772,0.887463994823093
2018-12-04-Session2_AllData,-0.181436390192076,0.68333548939544,-0.181436390192076,0.6362455392251
2018-12-05-Session1_AllData,0.207238086870112,0.78661043499659,0.207238086870112,0.654101109607595
2018-12-05-Session2_AllData,-0.0557892189540781,0.495919213179515,-0.0557892189540781,0.43905988958002
2018-12-11-Session1_AllData,0.0803894554243779,0.544167992055814,0.0803894554243779,0.691441333552575
2018-12-11-Session2_AllData,-0.245734041327092,-0.282069707192983,-0.245734041327092,0.624010731747891
2018-12-11-Session3_AllData,-0.0015438591049421,0.73204060494838,-0.0015438591049421,0.669911251994583
2018-12-11-Session4_AllData,0.0396722196729075,-0.339533285907357,0.0396722196729075,0.497812746217693
2018-12-12-Session1_AllData,0.143836957361836,0.530822540349198,0.143836957361836,0.39884262492301
2018-12-12-Session2_AllData,0.339277568086594,0.181149958374043,0.339277568086594,0.273740024710264
2018-12-12-Session3_AllData,0.012596137673814,-0.0510203899278814,0.012596137673814,0.148720491876008
2018-12-12-Session4_AllData,-0.197432485471298,0.493483067552384,-0.197432485471298,0.316344510011031
2019-03-12-Session1_AllData,-0.123587313571616,0.751616154465263,-0.123587313571616,0.776370801655195
2019-03-12-Session2_AllData,-0.0631948251802652,0.587537239513131,-0.0631948251802652,0.262643675248547
2019-03-12-Session3_AllData,0.184342396090463,0.753077214812944,0.184342396090463,0.759339543124109
2019-03-12-Session4_AllData,-0.00511304976536768,0.491037420585841,-0.00511304976536768,0.534910126638693
2019-03-13-Session1_AllData,-0.284568112741093,0.660534089254736,-0.284568112741093,0.537359936812973
2019-03-13-Session2_AllData,0.244019882662072,0.621059423172932,0.244019882662072,0.552711545627113
2019-03-13-Session3_AllData,0.100217942547298,0.627680853622228,0.100217942547298,0.18248255279738
2019-03-13-Session4_AllData,-0.228176102890009,0.892195043636165,-0.228176102890009,0.820492244672035
2019-03-26-Session1_AllData,0.422936604885865,-0.00505623170077701,0.422936604885865,0.380596032887118
2019-03-26-Session2_AllData,0.0201828785667891,0.873735140633085,0.0201828785667891,0.865857196896422
2019-03-26-Session3_AllData,-0.0440685353304728,0.406956057700415,-0.0440685353304728,0.281885457008304
2019-03-26-Session4_AllData,-0.579589540797589,0.77768151730614,-0.579589540797589,0.752772246429928
2019-03-27-Session1_AllData,0.0407220431379481,0.473605748814091,0.0407220431379481,0.302201693197339
2019-03-27-Session2_AllData,-0.203810663116333,0.545380823268,-0.203810663116333,0.631639260941547
2019-03-27-Session3_AllData,-0.457029070551868,0.852270112456425,-0.457029070551868,0.803480351436637
2019-03-27-Session4_AllData,-0.088725631252393,0.710273949426059,-0.088725631252393,0.769238216365416
2019-04-02-Session1_AllData,0.0476577386633268,0.679812293205472,0.0476577386633268,0.706236210959092
2019-04-02-Session2_AllData,-0.279775491932971,0.236782853267158,-0.279775491932971,0.338366292778278
2019-04-02-Session3_AllData,-0.0582511409608211,0.229470543556005,-0.0582511409608211,0.0688012255149379
2019-04-02-Session4_AllData,-0.110138680056483,0.55298506817607,-0.110138680056483,0.1975975732187
2019-04-03-Session1_AllData,-0.225156042026539,0.859707398044616,-0.225156042026539,0.80089496826247
2019-04-03-Session2_AllData,-0.0167214655047869,0.455572481421209,-0.0167214655047869,0.569557346602554
2019-04-03-Session3_AllData,0.130264469819524,0.602401858248831,0.130264469819524,0.639720130258946
2019-04-03-Session4_AllData,-0.0965458538811067,0.519541184865375,-0.0965458538811067,0.453437554675371
2019-05-21-Session2_AllData,-0.131869835119098,0.520630127363149,-0.131869835119098,0.455915774542963
2019-05-21-Session3_AllData,0.0171338251868496,0.747096504720153,0.0171338251868496,0.871411289772644
2019-05-22-Session2_AllData,-0.540303525836415,0.469791775063879,-0.540303525836415,0.505906612243628
2019-05-22-Session3_AllData,-0.291885170645859,0.572453245758287,-0.291885170645859,0.546009347495538
2019-06-04-Session1_AllData,-0.00289614188790482,0.677346285282257,-0.00289614188790482,0.69418084859553
2019-06-04-Session2_AllData,0.251059212862923,0.0265674862159559,0.251059212862923,0.504171302143112
2019-06-04-Session3_AllData,0.115247640839231,0.799254750865397,0.115247640839231,0.804187276716113
2019-06-05-Session1_AllData,0.139490150610732,0.513116743302558,0.139490150610732,0.209305064406542
2019-06-05-Session2_AllData,-0.290347691800399,0.705767787678796,-0.290347691800399,0.692030161763586
2019-06-05-Session3_AllData,-0.0454252019551554,0.845209936513324,-0.0454252019551554,0.866536764086193
2019-06-11-Session1_AllData,0.0160984479010813,0.19852101209848,0.0160984479010813,0.265573305729749
2019-06-11-Session2_AllData,-0.105201014685671,0.707666267433623,-0.105201014685671,0.462010036685668
2019-06-11-Session3_AllData,0.0971351913763655,0.558497395151004,0.0971351913763655,0.575099103156992
2019-06-12-Session1_AllData,0.166774213505552,0.292258136745063,0.166774213505552,0.327073631694087
2019-06-12-Session2_AllData,-0.0837630296251486,0.175577943969955,-0.0837630296251486,0.463788013452519
2019-06-12-Session3_AllData,-0.218711065191611,-0.361058725448516,-0.218711065191611,0.393399912451269
2019-06-18-Session1_AllData,-0.151283478522241,0.520490377040882,-0.151283478522241,0.487145765883689
2019-06-18-Session2_AllData,0.188400962735027,0.616787734963516,0.188400962735027,0.386496225300854
2019-06-19-Session1_AllData,-0.0440041646259151,0.329715011445517,-0.0440041646259151,0.270594025800008
2019-06-19-Session2_AllData,0.106058057625113,0.286979261692179,0.106058057625113,0.333078297752798
