Fig7A,Drinking Density
WA,WQ,PA,PQ
0.2422233554,0.4728385616,0.3143322476,0.2515337423
0.1329908676,0.6175710594,0.09003656307,0.2657757981
0.2604137931,0.2884615385,0.2627490713,0.1884120172
0.3082039911,0.9733096085,0.3552374756,0.1769983687
0.4142980189,0.5029296875,0.2102941176,0.2532912059
0.6784037559,0.2181818182,0.3798040693,0.02777777778
0.452,0.8675282714,0.7315140845,0.6649785742
0.4917012448,0.2314507198,0.5553453169,0.9339378238
0.5914072775,0.4142857143,0.3167842031,0.4314194577
0.1473720371,0.578778135,0.3105451296,0.2431372549
0.1458468177,0.4045977011,0.4637072585,0.8672839506
0.1893408135,0.2324902724,0.5785997358,0.6201022147
0.5157325467,0.3598790323,0.8663161848,0.4631979695
0.7545219638,0.3675310034,0.1389317691,0.4195888755
0.7565884044,0.3145228216,0.09069658719,0.4559915164
0.2976104272,0.261707989,0.3553791887,0.0875
0.2340632603,0.7526080477,0.3544303797,0.4426301853
0.4475218659,0.2257100149,,
0.4001919386,0.2389830508,,
0.3451992162,0.08627858628,,

Fig7B,Non-drinking Density
WA,WQ,PA,PQ
0.6779153304,0.5874915624,0.5941715696,0.2184070682
0.3194142479,0.5583535553,0.1285932083,0.5190295329
0.3344188756,0.4117974173,0.1121675113,0.2089296476
0.3885766524,0.8322715528,0.3606185957,0.3730376053
0.8572324668,0.7088512916,0.1181138996,0.2245200545
0.3461352302,0.6340834713,0.4238268523,0.6881739282
0.7662664792,0.7265421332,0.2367028418,0.5361368331
0.5435808993,0.1808438687,0.6652059977,0.5582474862
0.4935788134,0.6745290696,0.1083686416,0.2784360468
0.44607037,0.1401327109,0.3620035785,0.582290125
0.1394467584,0.4662745959,0.2192264799,0.4095602942
0.5706547292,0.3659969023,0.2675857784,0.2853776509
0.6072306649,0.1595777482,0.4606745531,0.3669812889
0.3541185507,0.4062880451,0.5796922859,0.4135561803
0.3562099044,0.4188152156,0.1279230736,0.1992993479
0.2466466303,0.3557537038,0.2773005136,0.6083923324
0.3803620059,0.331830703,0.4090835452,0.2074844374
0.3101377379,0.3096509654,,
0.2543543976,0.3481667595,,
0.1135080951,0.2500528343,,

Fig7C,Total specificity
WA,WQ,PA,PQ
0.3505491198,0.1117419286,0.09259900058,-0.02197375292
0.01247926872,0.2836850359,0.01147110216,0.03568876198
0.03708066572,0.01967037453,-0.01094065032,-0.01276263213
0.2149680061,0.7716543258,0.07279115347,0.02182450265
0.3248329443,0.1300249896,-0.04139663805,-0.02237525356
-0.03068250241,0.2078894118,0.1083668001,-0.02705448737
0.202615622,0.282056323,0.1803284689,0.4436007216
0.03051929283,-0.0212155808,0.2206234706,0.01723088974
0.3464618872,-0.06076992065,0.006437967425,0.03022627256
0.06768359057,0.0006952724525,0.06999999116,0.00375335046
0.01694223594,0.1687891106,0.1670090927,-0.00525000355
0.2526833705,-0.003014255869,0.03898624355,-0.03177653998
0.1104924432,0.05132545668,0.3077695632,0.09558560332
0.01984468393,0.1912996967,0.3841724854,0.3297928355
0.8644529568,0.170540311,-0.009810387739,0.2965319854
-0.02892204098,-0.007189746827,-0.08043014014,-0.02069289139
0.02123449903,0.221628963,0.06923985494,0.1185022008
0.654689237,0.04269575328,,
0.04454913937,-0.00888901162,,
-0.009185085798,0.01681380659,,

Fig7F,Slope (Drink-Speci)
WA,PA,WQ,PQ
0.4257008333,0.2550104649,0.5878992543,0.1604995568

Fig7I,Slope (Nondrink-Speci)
WA,PA,WQ,PQ
0.3160244024,0.465053333,0.577642446,-0.0150893552
