FigS5A,State specificity - Affinity Values (drinking labels)
WA Drinking,WA Non-drinking,WQ Drinking,WQ Non-drinking,PA Drinking,PA Non-drinking,PQ Drinking,PQ Non-drinking
0.2215542649,0.1289948549,0.01150415834,0.1002377702,0.09110536965,0.001493630929,-0.01123747239,-0.01073628053
0.03352001549,-0.02104074677,0.1748725683,0.1088124675,0.02310327386,-0.0116321717,0.07760822539,-0.04191946341
0.06099105805,-0.02391039232,0.0006565238288,0.0190138507,-0.04793555126,0.03699490094,0.02124138027,-0.0340040124
0.2053462187,0.00962178734,0.4426024586,0.3290518672,0.1315581734,-0.05876701989,-0.01783857341,0.03966307606
0.06026029065,0.2645726537,-0.01042503794,0.1404500276,-0.01588813905,-0.025508499,0.01564848301,-0.03802373658
-0.1011426768,0.07046017442,0.1798454665,0.02804394533,0.04216733321,0.06619946692,-0.01206953645,-0.01498495091
0.04867740522,0.1539382168,0.1712180084,0.1108383147,0.1128526025,0.06747586647,0.4247790239,0.0188216977
-0.01437934582,0.04489863865,-0.02005873657,-0.001156844229,0.1652630282,0.05536044241,-0.09441808936,0.1116489791
0.1306852091,0.2157766782,-0.02682289768,-0.03394702297,0.06631299901,-0.05987503158,0.05486733637,-0.0246410638
0.04701722779,0.02066636277,0.0177357221,-0.01704044964,-0.05031610212,0.1203160933,-0.03091641227,0.03466976273
0.06772710507,-0.05078486914,0.1463306716,0.02245843899,-0.00916754644,0.1761766392,-0.04396252077,0.03871251722
0.2292553935,0.02342797701,0.04154700448,-0.04456126034,-0.01371151517,0.05269775872,-0.08192496132,0.05014842133
0.09407588787,0.01641655534,0.03739552103,0.01392993565,0.2356462021,0.07212336113,0.09677908965,-0.001193486327
-0.04463894167,0.0644836256,0.0801495659,0.1111501308,0.2795302293,0.1046422561,0.2206255987,0.1091672367
0.4465338046,0.4179191521,0.1834303718,-0.01289006073,-0.03985895499,0.03004856725,0.175433708,0.1210982774
-0.009110624616,-0.01981141636,-0.02609340184,0.01890365501,-0.0522985153,-0.02813162485,-0.09878065397,0.07808776258
0.008482684655,0.01275181438,0.1591847044,0.06244425853,0.08938696966,-0.02014711472,0.09823214487,0.0202700559
0.4079895797,0.2466996574,0.04575752934,-0.003061776059,,,,
-0.01756315555,0.06211229492,0.03598405259,-0.04487306421,,,,
-0.004222321221,-0.004962764577,0.0427824014,-0.02596859481,,,,

FigS5B,State specificity - Recurrence Values (drinking labels)
WA Drinking,WA Non-drinking,WQ Drinking,WQ Non-drinking,PA Drinking,PA Non-drinking,PQ Drinking,PQ Non-drinking
0.05881355131,0.04413094575,-0.02653202345,0.08089503482,-0.003386359211,0.03222836763,-0.02630666346,0.03150824885
0.001876965876,0.00759429231,0.005123228131,0.08942882275,0.01717755723,-0.02809368528,0.09583857258,0.002993772239
-0.001480384002,0.02292625155,0.02891572552,0.002420458375,-0.003491402787,0.00766191571,-0.02026371788,-0.005268170523
0.0527241258,-0.01919715608,0.06385498523,0.1479066083,0.02319927268,0.02892530913,-0.04255347117,0.102792516
0.01855601632,0.1179413328,0.007249201857,0.07018688175,-0.00042749146,-0.0007769037676,-0.001347618307,-0.008165090758
-0.07480772148,0.10875248,0.0291697381,0.123844329,-0.002868907142,0.05644712362,0.02906810914,0.0081152824
0.02830773269,0.07445723965,0.0862504404,0.03518041342,0.0409814112,0.03852455058,0.2000528413,-0.002433840607
-0.06348876374,0.09435365222,-0.009750923526,0.0211781126,0.01432581676,0.05821463489,-0.01987780114,0.08625507189
-0.0001994087507,0.1033081542,0.008691489494,0.009570798889,0.05953590683,-0.04122858791,0.07718039112,-0.068980797
0.01436123759,0.01014283355,-0.0185820804,0.03799646585,-0.02120522032,0.0978988789,-0.1078000725,0.08973832329
0.01560187392,-0.01498738501,0.04117400188,0.03673927035,0.03406707423,0.02521903039,-0.01749829665,0.05158722987
0.03943922952,0.02044771011,0.02412604389,-0.001730233751,-0.01127479627,0.02534611676,-0.061885991,0.05690695475
0.02587201124,0.02790387543,0.014617674,0.005860171561,0.01322343132,0.09510560416,0.04916399391,0.009857682525
-0.07102397913,0.1418043666,0.003637663423,0.07220999227,0.08194093962,0.07800605399,0.03177875448,0.1050364764
0.1044584521,0.1846252302,0.04750875657,0.02139208461,0.009431816033,-0.001886541847,0.01898641983,0.04374715349
0.0195887234,-0.000535159975,-0.0305911783,0.05507008403,-0.005624568376,0.01486852339,-0.04090157879,0.0894479753
0.001852997699,0.02408674157,-0.06072909764,0.1555857576,0.0373622641,-0.008685792125,-0.01358934709,0.06186443489
0.09684185412,0.1049580216,-0.02411238734,0.03741066645,,,,
-0.003318845651,0.02327537852,-0.03392252937,0.03369761731,,,,
-0.008569134887,0.001189307371,0.0181664502,0.01163553113,,,,

FigS5C,State specificity - Affinity Values (seeking labels)
WA Seeking,WA Non-seeking,WQ Seeking,WQ Non-seeking,PA Seeking,PA Non-seeking,PQ Seeking,PQ Non-seeking
0.4392515316,0.4440858366,0.3112719922,0.4139993556,0.1044600848,0.07447982246,0.0743341597,-0.05717939001
-0.01393326524,0.05148041714,0.3893419474,0.2841745063,0.02283508251,-0.0627674243,0.009755953162,0.03285489797
0.2290220669,0.1690756031,0.01071532129,0.06582727809,0.0001915095713,0.01776821961,-0.03122787171,0.1486248887
0.243775517,0.2670792273,0.5890688665,0.3086848877,0.1959613102,-0.01559457205,0.2067694099,0.5774260818
0.102697869,0.4114081866,0.1334994894,0.349561025,0.248046055,0.1751735115,-0.01574778668,0.01549657045
0.2935923083,0.3561696993,0.07708361283,0.04941389891,0.07708310378,0.2236863332,0.06740495647,-0.001272330319
0.007110865607,0.1620933977,0.4823004607,0.1341830068,0.0002423175808,0.05310072947,0.4486280601,0.02768754829
0.0516460591,0.2147830198,0.03278567477,-0.0006051639531,0.1669808878,0.1637686138,0.1424167403,0.07968686508
0.05777036744,0.1249033387,-0.02982967091,-0.03996512419,0.2961903218,,0.06053552238,0.1075065816
0.0802036781,0.3412684704,0.2645427481,0.04494945925,-0.06709472532,0.06056600461,-0.01722590463,0.01378761377
0.1583785356,0.02044649829,0.1248129439,0.05307347035,-0.05366749853,0.157516037,0.2620861168,0.1429921529
0.4580312883,0.8061931769,0.2529931112,-0.01038834371,0.1327763386,0.0571531535,0.7261292939,0.4802097097
0.2255816969,0.202891891,0.06165517846,-0.008009094007,0.3552300953,0.3077668884,0.07955247112,0.08822419354
0.002986647479,0.1240836046,0.1951309381,0.1846291115,0.3500831492,0.6947037375,0.6389434563,0.8023881396
0.5899803986,0.7551840917,0.440681214,0.4665117772,-0.0403612444,0.1146613867,0.05050116502,0.009339199874
0.07835687386,0.1686976391,-0.04529969487,0.04785753622,-0.01035512869,0.1057309433,,
0.07930073183,0.124177353,0.035156904,0.1391235425,0.01050459787,0.09436365787,0.07601903641,0.005601031517
0.1325472038,0.0351667193,-0.02885546249,0.02174515169,,,,
-0.002683608235,-0.04951284042,0.01179287573,-0.04146655497,,,,
-0.02200726803,0.01268107834,-0.01023042823,0.04742601228,,,,

FigS5D,State specificity - Recurrence Values (seeking labels)
WA Seeking,WA Non-seeking,WQ Seeking,WQ Non-seeking,PA Seeking,PA Non-seeking,PQ Seeking,PQ Non-seeking
0.1950872774,0.1516245312,0.1497819368,0.1388327592,0.01223151031,0.03440245808,-0.01121544306,0.03134953839
-0.01145577621,0.01914443636,0.1079992956,0.1415873737,0.08720965902,-0.06532568495,0.07797157062,0.003882674441
0.07453665164,0.07610507947,0.0177142746,0.009211671652,0.02999988457,-0.02127440939,-0.02811023524,0.1069376586
0.07512073837,0.04490081211,0.122742407,0.1500002312,0.04920231464,0.006780665021,-0.005795528263,0.2254815565
-0.001209834049,0.2119750399,0.01937869146,0.1549990401,0.06552713832,0.03493649427,-0.05093900363,0.04724492755
0.1362423171,0.2546814406,-0.05987499999,0.1593626902,0.02711964254,0.1733800043,0.1646710512,0.0417654802
0.0167656729,0.08341156805,0.2504888564,0.03213401074,0.03093995579,-0.01500745259,0.2655319921,0.00771001292
-0.02149047269,0.1390465889,0.005129988609,0.03076505765,0.05427721551,0.06662691907,0.1127831355,0.02489098392
0.001349614739,0.09894862274,0.01550649963,0.00243755334,0.1648408652,,0.1289577618,0.06076059759
0.02096302903,0.1141864274,0.106488427,0.02442028654,-0.07838070122,0.1221551309,-0.08352038282,0.1279797023
0.05491874942,0.05928310093,0.03467696004,0.04898466021,0.009003189414,0.007827872802,0.09686458718,0.03410554202
0.1183347821,0.2558432921,0.0602576488,0.03680390073,0.0849417528,0.02135582445,0.1939238293,0.2042716648
0.05809925168,0.1114687196,-0.001739046281,0.03385525235,0.04010794894,0.163499294,0.03350045777,0.03969716116
-0.03324442144,0.08072445469,0.01515460511,0.1412550948,0.0908046338,0.5095881187,0.1297494789,0.374513798
0.1125746936,0.2236351688,0.1050178805,0.2336382481,-0.007221591279,0.02933120144,0.02352451515,0.004080570382
0.06625853109,0.03350336999,-0.05651961466,0.08343904904,-0.01834612855,0.06445524644,,
0.04488143992,0.06219047278,-0.05335798912,0.1753428829,-0.004951330184,0.04708102662,0.005661531372,0.02603689542
0.05519198616,0.05764905479,-0.03351141361,0.05863862459,,,,
0.005052243823,-0.02296577073,0.007377061649,-0.01324722799,,,,
0.008855925109,-0.02080582966,-0.01090326501,0.07397770029,,,,
