FigS3 left panel,Recurrence modules (Recurrence Values)
Within Module 1,Between Modules,Within Module 2
0.223044573,0.1319221066,0.2344660865
0.462373139,0.3058091693,0.4001329888
0.2273616061,0.1625831935,0.1990131371
0.1390708663,0.1213890091,0.238717436
0.2029872829,0.1721902535,0.3431165116
0.2127583052,0.09311447159,0.4803573166
0.1854345019,0.08943254295,0.1704491548
0.2432192056,0.1180243619,0.4434675718
0.2895824552,0.2266788094,0.2983404021
0.292795196,0.05771080779,0.2828939324
0.2268090983,0.1578590361,0.4070672519
0.3695949597,0.2379723426,0.2951172307
0.2082123093,0.09127888595,0.2910020931
0.3815967925,0.1887113322,0.269449313
0.3241114719,0.2047768053,0.3492495197
0.3829723631,0.2608553018,0.3697262887
0.4276215946,0.3116874524,0.5114898081
0.1113632527,0.09115770919,0.3154145105
0.2627263422,0.1716960707,0.4924831871
0.2010787218,0.1480244879,0.3101088344
0.3378964986,0.2125133692,0.4515797251
0.4000196966,0.3309074365,0.3877311977
0.2781313231,0.2394740903,0.3992683053
0.3191965583,0.2908674914,0.4432754705
0.2279194292,0.109010457,0.2563736805
0.3972391498,0.2643990561,0.453690354
0.2313884399,0.2099196447,0.3359821492
0.4334030084,0.1669132777,0.2658232173
0.2150920036,0.1818788882,0.3009264583
0.4711786343,0.2229069265,0.3040012117
0.2298724963,0.207962521,0.2912081686
0.2719598205,0.1811587217,0.3218900892
0.3494401039,0.2510759827,0.2721838381
0.4567276814,0.2618300028,0.435448879
0.3982547495,0.08020607353,0.2054757604
0.4067998906,0.1759163559,0.2936590545
0.5519343269,0.3386964777,0.4064098201
0.3460261356,0.2736848545,0.3495388305
0.2285290062,0.119152259,0.178725422
0.141879125,0.1085312908,0.1909882375
0.4316695526,0.1831416695,0.2231202003
0.68881647,0.4925335661,0.6405000337
0.2141680694,0.1276298659,0.1546039957
0.1759707268,0.05460139173,0.3448269303
0.2612320333,0.1960641994,0.2631732816
0.3051124095,0.1290013248,0.5004432476
0.191416448,0.1009230998,0.1319840053
0.1808654781,0.07247808593,0.2435617932
0.2047753222,0.09253071284,0.2161462981
0.2664441179,0.1035405441,0.5112084371
0.1896912469,0.1258526364,0.1775838228
0.1870511488,0.1547512247,0.156865455
0.1933851379,0.09516996545,0.3153142407
0.2632197576,0.1330885665,0.2760465522
0.1929460984,0.0433056254,0.3304546084
0.3230197363,0.2384993391,0.4930877186
0.2534139161,0.129614394,0.3752401232
0.2800480127,0.161406575,0.3954768674
0.3417952633,0.2943330803,0.4225016876
0.392698083,0.155719574,0.3117776373
0.2569916835,0.2468012344,0.3294182001
0.3499470231,0.285504413,0.5020201503
0.2818736792,0.1140621456,0.3209892809
0.3588896209,0.3081449448,0.4380014184
0.2988673903,0.3439690064,0.4967100248
0.3470932154,0.1723815515,0.3772041623
0.337218686,0.2636482798,0.3839374708
0.2900555919,0.2823492093,0.5773838594
0.2914555773,0.1636045145,0.2246711069
0.4787421551,0.2661824973,0.2733908728
0.3043925452,0.3283604289,0.4568910204
0.6131738501,0.2895944026,0.3743412755
0.482566555,0.1626872306,0.4070082779

FigS3 right panel,Affinity modules (Affinity Values)
Within Module 1,Between Modules,Within Module 2
0.7487346779,0.3530028067,0.7367600335
0.7939246119,0.4975948207,0.7914333865
0.8211335455,0.6418754192,0.7432954699
0.6516258287,0.4953293987,0.7846768989
0.6377972065,0.4767981909,0.7707875
0.7097574804,0.3022746594,0.9271994991
0.6546592664,0.3084021447,0.6667027312
0.8927011542,0.179809071,0.97484757
0.724928094,0.5175451345,0.6793735531
0.7554219381,0.1594724101,0.757631805
0.6847126474,0.4454601602,0.8248645013
0.8161462695,0.4007774754,0.7428499488
0.62388617,0.2143645783,0.8830226754
0.807343074,0.4270622031,0.8011684365
0.8104127653,0.4088588539,0.7964326859
0.8245297203,0.4058420852,0.8217258797
0.8684399899,0.3071256218,0.8888218485
0.6109355474,0.4451231983,0.8901308945
0.5467761617,0.3241457985,0.9005666464
0.771559516,0.4159088254,0.8917865454
0.7810377015,0.3025353141,0.8072591979
0.7146631844,0.4782485915,0.6862906759
0.6312151275,0.4406420088,0.8515945999
0.6661683074,0.4739031422,0.8480701922
0.871738124,0.1564814569,0.8232139304
0.6632660462,0.2071569175,0.806251423
0.7013326071,0.6020889615,0.7503588238
0.8147722471,0.2884188208,0.6807723311
0.7707892573,0.515565769,0.8093076202
0.7431551388,0.377316568,0.5949952964
0.734345394,0.4212626742,0.730515844
0.6710630863,0.4431820825,0.7626899261
0.7844145088,0.6426257958,0.6992960479
0.6924841025,0.3145262475,0.7040772618
0.9024904263,0.2426974914,0.6650888305
0.8051071823,0.4470110447,0.628344423
0.7421982612,0.4171283135,0.7085961262
0.6444732214,0.5406978453,0.6889397554
0.6347404124,0.3547301529,0.7589466493
0.6679128825,0.4732099006,0.6679635825
0.9110378128,0.3194965273,0.760607275
0.7686693845,0.51285591,0.7300652723
0.777879925,0.5446786165,0.7634202278
0.7384698925,0.1635838161,0.8355401327
0.7984808444,0.5929394799,0.7377824034
0.7730157562,0.1107242532,0.8459867488
0.836694284,0.5802046797,0.7835316709
0.6553033066,0.2721163554,0.7525260565
0.7707633715,0.3478839381,0.7891336757
0.8020543148,0.1023383563,0.9654989981
0.8461818757,0.5643562299,0.7692400388
0.8119990923,0.5685368101,0.764256858
0.803533742,0.267160683,0.8850639402
0.8225493853,0.3401693097,0.6331543467
0.6126742243,0.1078274165,0.9608361129
0.8919012592,0.4127871984,0.9078486348
0.8046212824,0.2844270488,0.8541270103
0.6349644611,0.2909323501,0.7260401286
0.8047620098,0.5586696533,0.8163655219
0.9551055932,0.1369181278,0.9587832569
0.7275742997,0.629116658,0.7747732944
0.7455241009,0.353761316,0.9044889655
0.7932884714,0.1020948588,0.7537722035
0.6976828196,0.3358422469,0.8411122292
0.6620111904,0.5482359464,0.8229944667
0.8568438937,0.1539942757,0.7956944386
0.848261657,0.6469341349,0.8338930614
0.7968729336,0.5702996681,0.9534613329
0.8246534758,0.4302222373,0.7864903962
0.8987750206,0.5540087365,0.6983249932
0.7802162978,0.6391708691,0.8665875689
0.9169490683,0.4091800215,0.8723475689
0.5804479457,0.381996125,0.8166070241
